{
  "project_info": {
    "project_number": "913919672607",
    "project_id": "flutter-chat-c4409",
    "storage_bucket": "flutter-chat-c4409.appspot.com"
  },
  "client": [
    {
      "client_info": {
        "mobilesdk_app_id": "1:913919672607:android:bcdb3eda961abb5ea9302a",
        "android_client_info": {
          "package_name": "com.safiyalearning.flutter_chatapp"
        }
      },
      "oauth_client": [
        {
          "client_id": "913919672607-hngoik7t6jkgbgibujc9cv2ndjf7do9q.apps.googleusercontent.com",
          "client_type": 3
        }
      ],
      "api_key": [
        {
          "current_key": "AIzaSyDHx1t8Vejv7tzGgEu58XJpD0uRRoH095c"
        }
      ],
      "services": {
        "appinvite_service": {
          "other_platform_oauth_client": [
            {
              "client_id": "913919672607-hngoik7t6jkgbgibujc9cv2ndjf7do9q.apps.googleusercontent.com",
              "client_type": 3
            }
          ]
        }
      }
    }
  ],
  "configuration_version": "1"
}